title,poster_link,author,notes
Alutiiq Values Poster,Alutiiq Values Poster,Alisha Drabek,
Body Poster,Body Poster,Alisha Drabek,
Calendar Poster,Calendar Poster,Alisha Drabek,
Classroom Questions Poster,Classroom Questions Poster,Alisha Drabek,
Colors Poster,Colors Poster,Alisha Drabek,
Conversational Poster,Conversational Poster,Alisha Drabek,
Emotions Poster,Emotions Poster,Alisha Drabek,
Family Poster,Family Poster,Alisha Drabek,
Foods Poster,Foods Poster,Alisha Drabek,
House Poster,House Poster,Alisha Drabek,
Kodiak Town Poster,Kodiak Town Poster,Alisha Drabek,
Maqiwik Poster,Maqiwik Poster,Alisha Drabek,
Opposites Poster,Opposites Poster,Alisha Drabek,
People Poster,People Poster,Alisha Drabek,
Questions Poster,Questions Poster,Alisha Drabek,
Sewing Poster,Sewing Poster,Alisha Drabek,
Valentines Poster,Valentines Poster,Peter Squartsoff,
Verb Endings,Verb Endings,Candace Branson,